ID;Активно;Раздел 1;Раздел 2;Артикул;Наименование;Описание;Ед. изм;Вес;Объем;Диаметр;Размер;Цвет;Цена;Старая цена;Изображение;Ссылка;оригинальные ссылки на гугле дениса;ID картинки;приставка для создания ссылки на изображение;пп кат;пп блюд;slug;vegan icon;hot icon;;;;;;;;;;;
1001;1;10. Роллы🥢;;;Ролл Филадельфия;традиционный ролл сыром и лососем;шт.;300 гр.;8 шт.;;;;1000;;https://static.tildacdn.com/tild3666-3539-4837-a131-653237333930/1001_Filadelfija.jpg;;https://drive.google.com/file/d/1PMvUqZiJdlgspVkdWFZFCuahvWjllJpy/view?usp=drive_link;1PMvUqZiJdlgspVkdWFZFCuahvWjllJpy;http://drive.google.com/uc?export=view&id=;10;1;rolls;0;0;;;;;;;;;;;
1002;1;10. Роллы🥢;;;Ролл Филадельфия эби;креветка, сыр, огурец;шт.;280 гр.;8 шт.;;;;1000;;https://static.tildacdn.com/tild3134-3664-4331-b335-306634386230/1002_Filadelfija_Ebi.jpg;;https://drive.google.com/file/d/1W7nMSN8GKqeIrmugEyLddRdY29e6-pKD/view?usp=drive_link;1W7nMSN8GKqeIrmugEyLddRdY29e6-pKD;;10;2;rolls;0;0;;;;;;;;;;;
1003;1;10. Роллы🥢;;;Ролл Филадельфия тунец;тунец, сыр, огурец;шт.;280 гр.;8 шт.;;;;1000;;https://static.tildacdn.com/tild3961-3062-4232-b430-316633373937/1003_Filadelfija_Tun.jpg;;https://drive.google.com/file/d/1xbWVLxVQFRANT2w18xrGBJYBoYlhhpb2/view?usp=drive_link;1xbWVLxVQFRANT2w18xrGBJYBoYlhhpb2;;10;3;rolls;0;0;;;;;;;;;;;
1004;1;10. Роллы🥢;;;Ролл Филадельфия тобико;сыр, огурец, тобико, лосось;шт.;280 гр.;8 шт.;;;;1000;;https://static.tildacdn.com/tild3931-3834-4233-a161-363261613331/1004_Filadelfija_Tob.jpg;;https://drive.google.com/file/d/1E0sSarW6pDIFXG37q7NaCmxz-eFsUYcF/view?usp=drive_link;1E0sSarW6pDIFXG37q7NaCmxz-eFsUYcF;;10;4;rolls;0;0;;;;;;;;;;;
1005;1;10. Роллы🥢;;;Ролл Калифорния;сурими, огурец, тобико;шт.;280 гр.;8 шт.;;;;950;;https://static.tildacdn.com/tild6561-3734-4833-b163-313466343838/1005_Kalifonija.jpg;;https://drive.google.com/file/d/1pVlP9uyGy8wreh4t_y1BdB4FaCYyL01O/view?usp=drive_link;1pVlP9uyGy8wreh4t_y1BdB4FaCYyL01O;;10;5;rolls;0;0;;;;;;;;;;;
1006;1;10. Роллы🥢;;;Ролл Калифорния лосось;лосось, огурец, тобико;шт.;280 гр.;8 шт.;;;;1000;;https://static.tildacdn.com/tild3032-3635-4532-a334-376566323732/1006_Kalifonija_loso.jpg;;https://drive.google.com/file/d/1J3XkZDHMhA7XPXL84HzONf0u1IAgcRRX/view?usp=drive_link;1J3XkZDHMhA7XPXL84HzONf0u1IAgcRRX;;10;6;rolls;0;0;;;;;;;;;;;
1007;1;10. Роллы🥢;;;Ролл Калифорния с креветкой;креветка, огурец, тобико;шт.;280 гр.;8 шт.;;;;1000;;https://static.tildacdn.com/tild3838-6336-4562-b966-646363616437/1007_Kalifonija_kamp.jpg;;https://drive.google.com/file/d/1JaGrx2UpHPXjKovZvUFAI21mNvY7LEVR/view?usp=drive_link;1JaGrx2UpHPXjKovZvUFAI21mNvY7LEVR;;10;7;rolls;0;0;;;;;;;;;;;
1008;1;10. Роллы🥢;;;Ролл Токио;ролл с сыром и огурцом под опаленным тартар из лосося под спайс соусом;шт.;320 гр.;8 шт.;;;;1100;;https://static.tildacdn.com/tild3962-6232-4163-b938-656463323832/1008_Tokio.jpg;;https://drive.google.com/file/d/1SF_nCv9ZzFeTiysUmaG9pLYEPbO_j11y/view?usp=drive_link;1SF_nCv9ZzFeTiysUmaG9pLYEPbO_j11y;;10;8;rolls;0;0;;;;;;;;;;;
1009;1;10. Роллы🥢;;;Ролл Сакура;ролл с сыром и огурцом под опалённым крабовым сурими;шт.;320 гр.;8 шт.;;;;900;;https://static.tildacdn.com/tild3133-6362-4839-b537-383530666137/1009_Sakura.jpg;;https://drive.google.com/file/d/1uG62-GY-PEwTEV-0bnFcan5P9e0Y6noY/view?usp=drive_link;1uG62-GY-PEwTEV-0bnFcan5P9e0Y6noY;;10;9;rolls;0;0;;;;;;;;;;;
1010;1;10. Роллы🥢;;;Ролл Вулкан;тартар из лосося со спайс соусом покрывает ролл с сыром и кунжутом;шт.;300 гр.;8 шт.;;;;1000;;https://static.tildacdn.com/tild6663-3631-4865-b465-353963303730/1010_Vulkan.jpg;;https://drive.google.com/file/d/1DwhxGr_7k589Hc2TGig8wl8sKkAUkiW7/view?usp=drive_link;1DwhxGr_7k589Hc2TGig8wl8sKkAUkiW7;;10;10;rolls;0;0;;;;;;;;;;;
1011;1;10. Роллы🥢;;;Ролл Кранч;креветка в темпуре, огурец, соус терияки;шт.;280 гр.;8 шт.;;;;950;;https://static.tildacdn.com/tild3833-3561-4537-a433-303630386637/1011_Kran.jpg;;https://drive.google.com/file/d/1m-KY15COklPSmXhow4HcwznEjrz1xen9/view?usp=drive_link;1m-KY15COklPSmXhow4HcwznEjrz1xen9;;10;11;rolls;0;0;;;;;;;;;;;
1012;1;10. Роллы🥢;;;Ролл Канада;копчённый угорь, сыр, огурец, унаги соус;шт.;280 гр.;8 шт.;;;;1000;;https://static.tildacdn.com/tild6333-3066-4664-a266-313362396164/1012_Kanada.jpg;;https://drive.google.com/file/d/17HaZEiCFAz7lTeLdjC2BXajBkl8fIr4S/view?usp=drive_link;17HaZEiCFAz7lTeLdjC2BXajBkl8fIr4S;;10;12;rolls;0;0;;;;;;;;;;;
1013;1;10. Роллы🥢;;;Бонито ролл;сыр, угорь, огурец, стружка тунца, соус спайс;шт.;280 гр.;8 шт.;;;;1000;;https://static.tildacdn.com/tild3166-6439-4530-b038-393431376461/1013_Bonito.jpg;;https://drive.google.com/file/d/10CQxCM9UuLHR5jNbpbVklGPUh7k-74Vc/view?usp=drive_link;10CQxCM9UuLHR5jNbpbVklGPUh7k-74Vc;;10;13;rolls;0;0;;;;;;;;;;;
1014;1;10. Роллы🥢;;;Ролл Эби сурими;сурими, огурец, креветки;шт.;280 гр.;8 шт.;;;;950;;https://static.tildacdn.com/tild6637-3932-4663-b666-346264346535/1014_Ebi_surimi.jpg;;https://drive.google.com/file/d/1TuxLGBXg0mwCPmK9uNTwPZz6sOaf_Kxa/view?usp=drive_link;1TuxLGBXg0mwCPmK9uNTwPZz6sOaf_Kxa;;10;14;rolls;0;0;;;;;;;;;;;
1015;1;10. Роллы🥢;;;Ролл Хоккайдо;лосось, креветки, под нежным соусом;шт.;300 гр.;8 шт.;;;;1000;;https://static.tildacdn.com/tild6639-3634-4730-b638-376531343763/1015_Hokaido.jpg;;https://drive.google.com/file/d/1iKU8MYenO3y9KvlkXoW4HRoo93pEqWqd/view?usp=drive_link;1iKU8MYenO3y9KvlkXoW4HRoo93pEqWqd;;10;15;rolls;0;0;;;;;;;;;;;
1016;1;10. Роллы🥢;;;Ролл Цезарь;креветка, огурец, салат под соусом цезарь;шт.;300 гр.;8 шт.;;;;1000;;https://static.tildacdn.com/tild6538-3431-4638-b934-653237636133/1016_Cezar.jpg;;https://drive.google.com/file/d/1KriZcpoZSz_t_kJKqWmAfPL304ImB6ht/view?usp=drive_link;1KriZcpoZSz_t_kJKqWmAfPL304ImB6ht;;10;16;rolls;0;0;;;;;;;;;;;
1017;1;10. Роллы🥢;;;Филадельфия Премиум;лосось, сыр, авокадо;шт.;300 гр.;8 шт.;;;;1300;;https://static.tildacdn.com/tild3937-3039-4933-a261-313335653837/1017_Filadelfija_Pre.jpg;;https://drive.google.com/file/d/1gFTonuVASHGD6fOxcpsnpPEmha7xpFSX/view?usp=drive_link;1gFTonuVASHGD6fOxcpsnpPEmha7xpFSX;;10;17;rolls;0;0;;;;;;;;;;;
1018;1;10. Роллы🥢;;;Канада Премиум;угорь, лосось, авокадо, унаги соус, кунжут;шт.;300 гр.;8 шт.;;;;1350;;https://static.tildacdn.com/tild6237-3234-4233-b662-616436363537/1018_Kanada_Premium.jpg;;https://drive.google.com/file/d/1Fx0gCqV5FqGCd5hejCFP9m11kpWhPUrL/view?usp=drive_link;1Fx0gCqV5FqGCd5hejCFP9m11kpWhPUrL;;10;18;rolls;0;0;;;;;;;;;;;
1019;1;10. Роллы🥢;;;Фудзи;сыр, огурец, кунжут, опаленый тартар из тунца, спайс соус;шт.;300 гр.;8 шт.;;;;1000;;https://static.tildacdn.com/tild6466-6133-4334-a530-363837363066/1019_Fudji.jpg;;https://drive.google.com/file/d/13G5YauXQCKyTfe9-2HxtlnmkZraR_Me1/view?usp=drive_link;13G5YauXQCKyTfe9-2HxtlnmkZraR_Me1;;10;19;rolls;0;0;;;;;;;;;;;
1020;1;10. Роллы🥢;;;Динамит;огурец, тобико, лосось, угорь, креветка;шт.;300 гр.;8 шт.;;;;1300;;https://static.tildacdn.com/tild3064-3261-4064-a261-626430303139/1020_Dinamit.jpg;;https://drive.google.com/file/d/19MtyXapvI-_RJLAp9rJulu4msWHM3LaR/view?usp=drive_link;19MtyXapvI-_RJLAp9rJulu4msWHM3LaR;;10;20;rolls;0;0;;;;;;;;;;;
1101;1;11. Футомаки🌶️;;;Футомаки Сяке батта;лосось в чесночном соусе;шт.;250 гр.;8 шт.;;;;950;;https://static.tildacdn.com/tild3733-3664-4163-b639-373361633566/1101_Syake_bata.jpg;;https://drive.google.com/file/d/1IB79ZWlkHuV5vhsUHL-44zisC26mMQpQ/view?usp=drive_link;1IB79ZWlkHuV5vhsUHL-44zisC26mMQpQ;;11;1;futomakihot;0;1;;;;;;;;;;;
1102;1;11. Футомаки🌶️;;;Футомаки Эби батта;креветка в чесночном соусе;шт.;250 гр.;8 шт.;;;;950;;https://static.tildacdn.com/tild6538-3334-4038-b534-653266316462/1102_Ebi_bata.jpg;;https://drive.google.com/file/d/1WcDlfT-w4fSdU45_gKy6aPzgjB48xLDs/view?usp=drive_link;1WcDlfT-w4fSdU45_gKy6aPzgjB48xLDs;;11;2;futomakihot;0;1;;;;;;;;;;;
1103;1;11. Футомаки🌶️;;;Футомаки Канни батта;сурими в чесночном соусе;шт.;250 гр.;8 шт.;;;;900;;https://static.tildacdn.com/tild3534-3230-4666-a266-653231643032/1103_Kani_bata.jpg;;https://drive.google.com/file/d/1rvH226WMR0rhzAscRdaX5TPT51T9w7Lv/view?usp=drive_link;1rvH226WMR0rhzAscRdaX5TPT51T9w7Lv;;11;3;futomakihot;0;1;;;;;;;;;;;
1104;1;11. Футомаки🌶️;;;Футомаки Магура батта;тунец в чесночном соусе;шт.;250 гр.;8 шт.;;;;950;;https://static.tildacdn.com/tild3963-3436-4966-b536-623937313535/1104_Magura_bata.jpg;;https://drive.google.com/file/d/1bEiIEVUVqK1TnKQGqM-oqtC_fEBHiNxi/view?usp=drive_link;1bEiIEVUVqK1TnKQGqM-oqtC_fEBHiNxi;;11;4;futomakihot;0;1;;;;;;;;;;;
1105;1;11. Футомаки🌶️;;;Футомаки Спайс лосось 🔥;лосось с острым соусом;шт.;250 гр.;8 шт.;;;;950;;https://static.tildacdn.com/tild3938-3733-4265-a562-333336313762/1105_Futomaki_Spice_.jpg;;https://drive.google.com/file/d/1Kmv7aXwq05uDE7KtxSulHnR0UG3RRht6/view?usp=drive_link;1Kmv7aXwq05uDE7KtxSulHnR0UG3RRht6;;11;5;futomakihot;0;1;;;;;;;;;;;
1106;1;11. Футомаки🌶️;;;Футомаки Спайс туна 🔥;тунец с острым соусом;шт.;250 гр.;8 шт.;;;;950;;https://static.tildacdn.com/tild6665-6262-4166-a566-336661313961/1106_Futomaki_Spice_.jpg;;https://drive.google.com/file/d/10f0TE6ni027IywxNn377UPvRSAnykMT7/view?usp=drive_link;10f0TE6ni027IywxNn377UPvRSAnykMT7;;11;6;futomakihot;0;1;;;;;;;;;;;
1107;1;11. Футомаки🌶️;;;Футомаки Спайс эби 🔥;креветки с острым соусом;шт.;250 гр.;8 шт.;;;;950;;https://static.tildacdn.com/tild6462-6639-4638-a230-653339336366/1107_Futomaki_Spice_.jpg;;https://drive.google.com/file/d/1TbXWWtWNJ-4YM8n7f9HbyvLzu6hD0xgz/view?usp=drive_link;1TbXWWtWNJ-4YM8n7f9HbyvLzu6hD0xgz;;11;7;futomakihot;0;1;;;;;;;;;;;
1108;1;11. Футомаки🌶️;;;Футомаки Спайс канни 🔥;сурими с острым соусом;шт.;250 гр.;8 шт.;;;;900;;https://static.tildacdn.com/tild6431-3634-4261-a535-623930373264/1108_Futomaki_Spice_.jpg;;https://drive.google.com/file/d/1E1_Uelfxm_AIiG8y7ezdc-sPTsorzwCx/view?usp=drive_link;1E1_Uelfxm_AIiG8y7ezdc-sPTsorzwCx;;11;8;futomakihot;0;1;;;;;;;;;;;
1109;1;11. Футомаки;;;Футомаки Ясай;кунжут, огурец, болгарский перец, зеленый салат, помидор, авокадо, соус тонкацу;шт.;260 гр.;8 шт.;;;;800;;https://static.tildacdn.com/tild6538-3338-4162-b233-393663373636/1109_Futomaki_yasai.jpg;;https://drive.google.com/file/d/1kaOMefRRTQ4nfRRIanINmuhpSrUe2Xl0/view?usp=drive_link;1kaOMefRRTQ4nfRRIanINmuhpSrUe2Xl0;;11;9;futomaki;1;0;;;;;;;;;;;
1110;1;11. Футомаки;;;Футомаки Сяке Чиз Авокадо;огурец, сыр, авокадо, лосось;шт.;250 гр.;8 шт.;;;;1000;;https://static.tildacdn.com/tild3838-3336-4562-b366-363565653364/1110_Futomaki_avokad.jpg;;https://drive.google.com/file/d/1Z-D1hPxc861XHKnH5G-WDTkZsz7cbNer/view?usp=drive_link;1Z-D1hPxc861XHKnH5G-WDTkZsz7cbNer;;11;10;futomaki;1;0;;;;;;;;;;;
1111;1;11. Футомаки;;;Футомаки Авокадо Чиз;сыр, авокадо;шт.;250 гр.;8 шт.;;;;900;;https://static.tildacdn.com/tild6336-3733-4464-b736-343565393936/1111_Futomaki_avokad.jpg;;https://drive.google.com/file/d/1zY8vj1J6jdWi5rZZhdVhDOjWO8n6ik__/view?usp=drive_link;1zY8vj1J6jdWi5rZZhdVhDOjWO8n6ik__;;11;11;futomaki;1;0;;;;;;;;;;;
1201;1;12. Запеченые роллы🍘;;;Запеченый Краб;запечённый ролл с крабовыми сурими;шт.;300 гр.;8 шт.;;;;900;;https://static.tildacdn.com/tild3937-6232-4763-b362-643034393261/1201_Zapeene_Krab.jpg;;https://drive.google.com/file/d/1bE7Y1MoMPS6grOWmGZRSX7xGslVyR5D2/view?usp=drive_link;1bE7Y1MoMPS6grOWmGZRSX7xGslVyR5D2;;12;1;backed;0;0;;;;;;;;;;;
1202;1;12. Запеченые роллы🍘;;;Запеченый Лосось;запечённый ролл с лососем;шт.;300 гр.;8 шт.;;;;1050;;https://static.tildacdn.com/tild3130-3930-4439-b164-363963373065/1202_Zapeene_Losos.jpg;;https://drive.google.com/file/d/1hPd7opMmn0XK4xdnnnfPgfj0_gwm7RP7/view?usp=drive_link;1hPd7opMmn0XK4xdnnnfPgfj0_gwm7RP7;;12;2;backed;0;0;;;;;;;;;;;
1203;1;12. Запеченые роллы🍘;;;Запеченая Креветка;запечённый ролл с креветкой;шт.;300 гр.;8 шт.;;;;1050;;https://static.tildacdn.com/tild6633-6365-4863-b162-663230383363/1203_Zapeene_Shrimp.jpg;;https://drive.google.com/file/d/1iPOVYFAD6x1B4mAJr44PMuila-tPD6Nt/view?usp=drive_link;1iPOVYFAD6x1B4mAJr44PMuila-tPD6Nt;;12;3;backed;0;0;;;;;;;;;;; 
1204;1;12. Запеченые роллы🍘;;;Запеченый Тунец;запечённый ролл с тунцом;шт.;300 гр.;8 шт.;;;;1050;;https://static.tildacdn.com/tild3566-6265-4332-a566-353861313764/1204_Zapeene_Tuna.jpg;;https://drive.google.com/file/d/1k4Wz0x0W_MyMoGkvYCtCXKXgO3Ry0tWr/view?usp=drive_link;1k4Wz0x0W_MyMoGkvYCtCXKXgO3Ry0tWr;;12;4;backed;0;0;;;;;;;;;;;
1205;1;12. Запеченые роллы🍘;;;Запеченая Курица;запечённый ролл с копчённой курицей;шт.;300 гр.;8 шт.;;;;900;;https://static.tildacdn.com/tild6361-6362-4339-a366-386263363236/1205_Zapeene_Piletin.jpg;;https://drive.google.com/file/d/1xqLvy09ndwBr0iUm-husgcs11S7uTTyV/view?usp=drive_link;1xqLvy09ndwBr0iUm-husgcs11S7uTTyV;;12;5;backed;0;0;;;;;;;;;;;
1301;1;13. Горячие роллы (темпура)🔥;;;Темпура лосось;;шт.;250 гр.;8 шт.;;;;950;;https://static.tildacdn.com/tild6231-6466-4237-b364-356639393038/1301_Tempura_syake.jpg;;https://drive.google.com/file/d/1kzEUadeRQ5HDaoohzDzy1tzYIpPZEFSj/view?usp=drive_link;1kzEUadeRQ5HDaoohzDzy1tzYIpPZEFSj;;13;1;tempura;0;0;;;;;;;;;;;
1302;1;13. Горячие роллы (темпура)🔥;;;Темпура креветка;"
";шт.;250 гр.;8 шт.;;;;950;;https://static.tildacdn.com/tild3835-6162-4435-a461-316234363732/1302_Tempura_ebi.jpg;;https://drive.google.com/file/d/1T4CCNfcWhiDE0Ab0QJ0GjhUUn3080q7M/view?usp=drive_link;1T4CCNfcWhiDE0Ab0QJ0GjhUUn3080q7M;;13;2;tempura;0;0;;;;;;;;;;;
1303;1;13. Горячие роллы (темпура)🔥;;;Темпура сурими;;шт.;250 гр.;8 шт.;;;;900;;https://static.tildacdn.com/tild6663-3537-4732-a235-633537613664/1303_Tempura_surimi.jpg;;https://drive.google.com/file/d/1kD0N07i425bya2P7BCehAvF2CqfEuujQ/view?usp=drive_link;1kD0N07i425bya2P7BCehAvF2CqfEuujQ;;13;3;tempura;0;0;;;;;;;;;;;
1304;1;13. Горячие роллы (темпура)🔥;;;Хот ролл с лососем;;шт.;300 гр.;8 шт.;;;;1050;;https://static.tildacdn.com/tild6262-3866-4634-a164-326331323465/1304_Hot_roll_syake.jpg;;https://drive.google.com/file/d/11xDbi6U2ee0l4GboxPaAjdR_rb4U16uY/view?usp=drive_link;11xDbi6U2ee0l4GboxPaAjdR_rb4U16uY;;13;4;tempura;0;0;;;;;;;;;;;
1305;1;13. Горячие роллы (темпура)🔥;;;Хот ролл с креветкой;;шт.;300 гр.;8 шт.;;;;1050;;https://static.tildacdn.com/tild6136-6137-4734-a162-373466336463/1305_Hot_roll_ebi.jpg;;https://drive.google.com/file/d/1HROx26jER2x5wZxZs6z7crE1ypYgc63l/view?usp=drive_link;1HROx26jER2x5wZxZs6z7crE1ypYgc63l;;13;5;tempura;0;0;;;;;;;;;;;
1306;1;13. Горячие роллы (темпура)🔥;;;Камчатский ролл;горячий ролл с лососем, крабовыми сурими, сыр ,огурец;шт.;350 гр.;8 шт.;;;;1100;;https://static.tildacdn.com/tild6163-3564-4239-a163-626638303632/1306_Kamchatka.jpg;;https://drive.google.com/file/d/1RIrV8y5Noi0OqdkMJ4h7wTQvp-ldBpqH/view?usp=drive_link;1RIrV8y5Noi0OqdkMJ4h7wTQvp-ldBpqH;;13;6;tempura;0;0;;;;;;;;;;;
1307;1;13. Горячие роллы (темпура)🔥;;;Темпура тунец;;шт.;250 гр.;8 шт.;;;;950;;https://static.tildacdn.com/tild6539-3366-4362-a337-333236666564/1307_Tempura_tuna.jpg;;https://drive.google.com/file/d/1DWwWkx3cky5W4rvvZ4zxa_bsSRPKkrDY/view?usp=drive_link;1DWwWkx3cky5W4rvvZ4zxa_bsSRPKkrDY;;13;7;tempura;0;0;;;;;;;;;;;
1401;1;14. Сандочи🍙;;;Сандочи с Лососем 🍣;сыр, салат, лосось;шт.;160 гр.;4 шт.;;;;700;;https://static.tildacdn.com/tild6365-6339-4239-b537-643830353432/1401_Sandoi_syake.jpg;;https://drive.google.com/file/d/1xxtyFEqj_TCKKAxjMlW_iQaHjS0kHaMB/view?usp=drive_link;1xxtyFEqj_TCKKAxjMlW_iQaHjS0kHaMB;;14;1;sandochi;0;0;;;;;;;;;;;
1402;1;14. Сандочи🍙;;;Сандочи с Креветкой 🍣;сыр, креветка, салат;шт.;160 гр.;4 шт.;;;;700;;https://static.tildacdn.com/tild3063-3432-4832-a332-366236373165/1402_Sandoi_ebi.jpg;;https://drive.google.com/file/d/1G4CdEbvjCRlEGnodQv4UFhD3kAcHyX_M/view?usp=drive_link;1G4CdEbvjCRlEGnodQv4UFhD3kAcHyX_M;;14;2;sandochi;0;0;;;;;;;;;;;
1403;1;14. Сандочи🍙;;;Сандочи с Сурими 🎏;сыр, салат, сурими;шт.;160 гр.;4 шт.;;;;650;;https://static.tildacdn.com/tild3838-6530-4566-a665-333331356639/1403_Sandoi_surimi.jpg;;https://drive.google.com/file/d/1698HYfGIx9APe40RLREAFn78v4jQanhd/view?usp=drive_link;1698HYfGIx9APe40RLREAFn78v4jQanhd;;14;3;sandochi;0;0;;;;;;;;;;;
1404;1;14. Сандочи🍙;;;Сандочи с Угрём 🐉;сыр, салат , угорь;шт.;160 гр.;4 шт.;;;;700;;https://static.tildacdn.com/tild3761-3237-4637-b365-643665316138/1404_Sandoi_unagi.jpg;;https://drive.google.com/file/d/1_4rmtS5-b9u2wIWyMB1TZVKaEHtBLDvR/view?usp=drive_link;1_4rmtS5-b9u2wIWyMB1TZVKaEHtBLDvR;;14;4;sandochi;0;0;;;;;;;;;;;
1501;1;15. Хэнд роллы 🌯;;;Хэнд ролл Лосось;сыр, лосось соус спайс;шт.;250 гр.;2 шт.;;;;950;;https://static.tildacdn.com/tild6134-6163-4732-a537-356163336535/1501_Hand_roll_losos.jpg;;https://drive.google.com/file/d/1tyZonTYHLXQt419qT_3pFSpossCfplvs/view?usp=drive_link;1tyZonTYHLXQt419qT_3pFSpossCfplvs;;15;1;handrolls;0;0;;;;;;;;;;;
1502;1;15. Хэнд роллы 🌯;;;Хэнд ролл Креветка;сыр, креветка, соус спайс;шт.;250 гр.;2 шт.;;;;950;;https://static.tildacdn.com/tild6131-3465-4637-b632-646239623866/1502_Hand_roll_kampi.jpg;;https://drive.google.com/file/d/1WxDrS6ZYPix1hBASUet1IWxGMzrn00xR/view?usp=drive_link;1WxDrS6ZYPix1hBASUet1IWxGMzrn00xR;;15;2;handrolls;0;0;;;;;;;;;;;
1601;1;16. Маки 🐉🥒🦐🐟;;;Сяке маки;лосось;шт.;110 гр.;8 шт.;;;;650;;https://static.tildacdn.com/tild6166-3565-4236-a531-343862386565/1601_Syake_maki.jpg;;https://drive.google.com/file/d/1R6sDxSzjgoC1rj7ADsJZTGlcSt3jReYG/view?usp=drive_link;1R6sDxSzjgoC1rj7ADsJZTGlcSt3jReYG;;16;1;maki;0;0;;;;;;;;;;;
1602;1;16. Маки 🐉🥒🦐🐟;;;Каппа маки;огурец;шт.;110 гр.;8 шт.;;;;450;;https://static.tildacdn.com/tild3638-3030-4937-b832-633030303363/1602_Kappa_maki.jpg;;https://drive.google.com/file/d/1-jRxHusvzzjIl2OkbjEp9l86g129nDFV/view?usp=drive_link;1-jRxHusvzzjIl2OkbjEp9l86g129nDFV;;16;2;maki;0;0;;;;;;;;;;;
1603;1;16. Маки 🐉🥒🦐🐟;;;Унаги маки;угорь;шт.;110 гр.;8 шт.;;;;650;;https://static.tildacdn.com/tild3035-3861-4533-b333-386438626161/1603_Unagi_maki.jpg;;https://drive.google.com/file/d/1HISIaCHOYnyOzyUkNy9K0JOV13nCDp9X/view?usp=drive_link;1HISIaCHOYnyOzyUkNy9K0JOV13nCDp9X;;16;3;maki;0;0;;;;;;;;;;;
1604;1;16. Маки 🐉🥒🦐🐟;;;Туна маки;тунец;шт.;110 гр.;8 шт.;;;;650;;https://static.tildacdn.com/tild3933-3439-4539-b966-363462626430/1604_Tuna_maki.jpg;;https://drive.google.com/file/d/1zdlJKyb5IoL7VIVw3NVx-_4iTDb-8XZQ/view?usp=drive_link;1zdlJKyb5IoL7VIVw3NVx-_4iTDb-8XZQ;;16;4;maki;0;0;;;;;;;;;;;
1605;1;16. Маки 🐉🥒🦐🐟;;;Эби маки;креветка;шт.;110 гр.;8 шт.;;;;650;;https://static.tildacdn.com/tild3262-3366-4262-b030-313062616430/1605_Ebi_maki.jpg;;https://drive.google.com/file/d/1YMC7MCxZ5ftbnlVn7fOA77-vpahxxVRB/view?usp=drive_link;1YMC7MCxZ5ftbnlVn7fOA77-vpahxxVRB;;16;5;maki;0;0;;;;;;;;;;;
1606;1;16. Маки 🐉🥒🦐🐟;;;Канни маки;сурими;шт.;110 гр.;8 шт.;;;;500;;https://static.tildacdn.com/tild3139-3732-4336-b966-666138343231/1606_anni_maki.jpg;;https://drive.google.com/file/d/1OCm2dFbLLPKrdlWKmfsBnCPeNRtkNrUm/view?usp=drive_link;1OCm2dFbLLPKrdlWKmfsBnCPeNRtkNrUm;;16;6;maki;0;0;;;;;;;;;;;
1607;1;16. Маки 🐉🥒🦐🐟;;;Авокадо маки;авокадо;шт.;110 гр.;8 шт.;;;;500;;https://static.tildacdn.com/tild6166-6632-4164-a235-353463323135/1607__.jpg;;https://drive.google.com/file/d/1newZXA5-fEgZxsTcdq_8Y09qTQjp1erP/view?usp=drive_link;;;16;7;maki;1;0;;;;;;;;;;;
1701;1;17. Суши и гунканы🍣;;;Суши с лососем;;шт.;65 гр.;2 шт.;;;;400;;https://static.tildacdn.com/tild6239-3161-4132-a230-613036633463/1701_Sui_losos.jpg;;https://drive.google.com/file/d/1lz3S6yv3-MBy_SaH_fuz_17KAXGSO23F/view?usp=drive_link;1lz3S6yv3-MBy_SaH_fuz_17KAXGSO23F;;17;1;sushi;0;0;;;;;;;;;;;
1702;1;17. Суши и гунканы🍣;;;Суши с угрем;;шт.;55 гр.;2 шт.;;;;500;;https://static.tildacdn.com/tild3839-6237-4436-a566-623732306230/1702_Sui_jegulja.jpg;;https://drive.google.com/file/d/1QykHQk7YJ04b8Vv8r0cvseWGNPyhxrSZ/view?usp=drive_link;1QykHQk7YJ04b8Vv8r0cvseWGNPyhxrSZ;;17;2;sushi;0;0;;;;;;;;;;;
1703;1;17. Суши и гунканы🍣;;;Суши с креветкой;;шт.;65 гр.;2 шт.;;;;400;;https://static.tildacdn.com/tild6338-6663-4337-a437-663563346430/1703_Sui_kampi.jpg;;https://drive.google.com/file/d/1B2M3FbOpNBzv6BXreZMpUFnXLgAse5GS/view?usp=drive_link;1B2M3FbOpNBzv6BXreZMpUFnXLgAse5GS;;17;3;sushi;0;0;;;;;;;;;;;
1704;1;17. Суши и гунканы🍣;;;Суши с тунцом;;шт.;65 гр.;2 шт.;;;;400;;https://static.tildacdn.com/tild3031-6635-4534-b961-633862323263/1704_Sui_tuna.jpg;;https://drive.google.com/file/d/1LZKU6hLu4LHVWubbr4TeD94hOrpRMSRk/view?usp=drive_link;1LZKU6hLu4LHVWubbr4TeD94hOrpRMSRk;;17;4;sushi;0;0;;;;;;;;;;;
1705;1;17. Суши и гунканы🍣;;;Гункан с лососем и острым соусом;;шт.;70 гр.;2 шт.;;;;400;;https://static.tildacdn.com/tild6435-3861-4462-a662-656239633530/1705_Gunkan_spajsi_l.jpg;;https://drive.google.com/file/d/1aunFhWb8q07HhDTvdpo3ipenGIdvLH2_/view?usp=drive_link;1aunFhWb8q07HhDTvdpo3ipenGIdvLH2_;;17;5;sushi;0;0;;;;;;;;;;;
1706;1;17. Суши и гунканы🍣;;;Гункан с угрем и острым соусом;;шт.;60 гр.;2 шт.;;;;500;;https://static.tildacdn.com/tild3736-6637-4331-a334-633165316637/1706_Gunkan_spajsi_j.jpg;;https://drive.google.com/file/d/10ae_yyqNDTxfhODz5E5-6ywBrxb5Il5G/view?usp=drive_link;10ae_yyqNDTxfhODz5E5-6ywBrxb5Il5G;;17;6;sushi;0;0;;;;;;;;;;;
1707;1;17. Суши и гунканы🍣;;;Гункан с сурими и острым соусом;"
";шт.;70 гр.;2 шт.;;;;350;;https://static.tildacdn.com/tild3433-6534-4262-b031-313131393239/1707_Gunkan_spajsi_s.jpg;;https://drive.google.com/file/d/1yS99J_rJGTas-fWIu8CGVn-2RyyRvpsp/view?usp=drive_link;1yS99J_rJGTas-fWIu8CGVn-2RyyRvpsp;;17;7;sushi;0;0;;;;;;;;;;;
1708;1;17. Суши и гунканы🍣;;;Гункан с креветкой и острым соусом;;шт.;70 гр.;2 шт.;;;;400;;https://static.tildacdn.com/tild6232-3265-4162-a461-643862643932/1708_Gunkan_spajsi_k.jpg;;https://drive.google.com/file/d/1kKQ5F-FNKIbtYqq2WMkYmfynJdnCNf8f/view?usp=drive_link;1kKQ5F-FNKIbtYqq2WMkYmfynJdnCNf8f;;17;8;sushi;0;0;;;;;;;;;;;
1709;1;17. Суши и гунканы🍣;;;Гункан с тунцом и острым соусом;;шт.;70 гр.;2 шт.;;;;400;;https://static.tildacdn.com/tild6139-6462-4336-a661-383935623137/1709_Gunkan_spajsi_t.jpg;;https://drive.google.com/file/d/1IH7ZPaBs8Ktt6C7Fcoh-P_K6sdUNbDZ7/view?usp=drive_link;1IH7ZPaBs8Ktt6C7Fcoh-P_K6sdUNbDZ7;;17;9;sushi;0;0;;;;;;;;;;;
1801;1;18. Воки 🥡;;;Лапша Удон с курицей под соусом терияки;;шт.;320 гр.;1 шт.;;;;850;;https://static.tildacdn.com/tild3164-3666-4534-b136-643565323839/1801_Udon_penini_rez.jpg;;https://drive.google.com/file/d/1y5PH6JITDXE47MayD_xQA2ahHApVLknv/view?usp=drive_link;1y5PH6JITDXE47MayD_xQA2ahHApVLknv;;18;1;woks;0;0;;;;;;;;;;;
1802;1;18. Воки 🥡;;;Лапша Гречневая с  курицей под соусом тонкатцу 🐔;курица;шт.;320 гр.;1 шт.;;;;850;;https://static.tildacdn.com/tild6330-6634-4131-b839-376430386166/1802_Soba_rezanci_od.jpg;;https://drive.google.com/file/d/1M4kqY_6zAF9WeaHI82bR35MekpxU0mZy/view?usp=drive_link;1M4kqY_6zAF9WeaHI82bR35MekpxU0mZy;;18;2;woks;0;0;;;;;;;;;;;
1803;1;18. Воки 🥡;;;Лапша Гречневая с овощами под соусом тонкатцу 🐖;болгарский перец, лук, морковь, шампиньоны;шт.;320 гр.;1 шт.;;;;750;;https://static.tildacdn.com/tild6265-6564-4366-a236-383462613734/1803_Soba_rezanci_od.jpg;;https://drive.google.com/file/d/1JoR5qP8jwzhDyEZVaXZxY7nVBhV1qQ6s/view?usp=drive_link;1JoR5qP8jwzhDyEZVaXZxY7nVBhV1qQ6s;;18;3;woks;0;0;;;;;;;;;;;
1804;1;18. Воки 🥡;;;Лапша Яичная с курицей под соусом терияки 🐔;курица;шт.;320 гр.;1 шт.;;;;850;;https://static.tildacdn.com/tild3164-6166-4638-a463-303363326137/1804_Rezanci_od_jaja.jpg;;https://drive.google.com/file/d/1ahH0Xi0av-pScKPBDKm5s1qn3XOfDy2i/view?usp=drive_link;1ahH0Xi0av-pScKPBDKm5s1qn3XOfDy2i;;18;4;woks;0;0;;;;;;;;;;;
1805;1;18. Воки 🥡;;;Лапша Рисовая с курицей под устричным соусом 🐔;курица;шт.;320 гр.;1 шт.;;;;800;;https://static.tildacdn.com/tild3564-3836-4362-b835-613865363363/1805_Harusame_pirina.jpg;;https://drive.google.com/file/d/1gfGCyhImVSakXKykHGHnvmV_JVrttB2D/view?usp=drive_link;1gfGCyhImVSakXKykHGHnvmV_JVrttB2D;;18;5;woks;0;0;;;;;;;;;;;
1806;1;18. Воки 🥡;;;Лапша Рисовая с креветкой под устричным соусом 🦐;креветка;шт.;320 гр.;1 шт.;;;;800;;https://static.tildacdn.com/tild6530-6530-4933-b036-356463646237/1806_Harusame_pirina.jpg;;https://drive.google.com/file/d/1F8JI-V8ddvbl91keU_QH42ZLVPi2Z88B/view?usp=drive_link;1F8JI-V8ddvbl91keU_QH42ZLVPi2Z88B;;18;6;woks;0;0;;;;;;;;;;;
1807;1;18. Воки 🥡;;;Лапша Рисовая с овощами под соусом тонкацу;болгарский перец, лук, морковь, шампиньоны;шт.;320 гр.;1 шт.;;;;700;;https://static.tildacdn.com/tild6636-3138-4464-b163-613262393965/1807_Harusame_pirina.jpg;;https://drive.google.com/file/d/1pA475h5Uaky90CsbBnqVsT0sQDCdHi8s/view?usp=drive_link;1pA475h5Uaky90CsbBnqVsT0sQDCdHi8s;;18;7;woks;0;0;;;;;;;;;;;
1808;1;18. Воки 🥡;;;Тяхан с креветкой;рис с овощами и креветкой;шт.;320 гр.;1 шт.;;;;900;;https://static.tildacdn.com/tild6466-3433-4635-b133-303938303932/1808_Pirina_sa_povre.jpg;;https://drive.google.com/file/d/15pObEOBex8MbdiewUDm6AmvSlWBjqLgB/view?usp=drive_link;15pObEOBex8MbdiewUDm6AmvSlWBjqLgB;;18;8;woks;0;0;;;;;;;;;;;
1809;1;18. Воки 🥡;;;Тяхан с курицей;рис с овощами и курицей;шт.;320 гр.;1 шт.;;;;700;;https://static.tildacdn.com/tild3135-3663-4639-b834-633066356338/1809_Pirina_sa_povre.jpg;;https://drive.google.com/file/d/1HQ1yDVFQ7__mjfA7BnqOiZijo81ExiAu/view?usp=drive_link;1HQ1yDVFQ7__mjfA7BnqOiZijo81ExiAu;;18;9;woks;0;0;;;;;;;;;;;
1901;1;19. Супы🍲;;;Том ям с курицей;;шт.;500 гр.;1 шт.;;;;700;;https://static.tildacdn.com/tild6561-3838-4765-b261-353936666564/1901_Tom_yam_sa_pile.jpg;;https://drive.google.com/file/d/1pp_crTRviCmQ0BpPQtQH6XpW9d1du5Cy/view?usp=drive_link;1pp_crTRviCmQ0BpPQtQH6XpW9d1du5Cy;;19;1;soups;0;0;;;;;;;;;;;
1902;1;19. Супы🍲;;;Том ям с креветками;;шт.;500 гр.;1 шт.;;;;800;;https://static.tildacdn.com/tild6638-3939-4633-a634-663239313238/1902_Tom_yam_sa_kamp.jpg;;https://drive.google.com/file/d/1v6f9UqzHxomKzBQcEJ_mCAVxgHyN-38B/view?usp=drive_link;1v6f9UqzHxomKzBQcEJ_mCAVxgHyN-38B;;19;2;soups;0;0;;;;;;;;;;;
1903;1;19. Супы🍲;;;Рамен;;шт.;600 гр.;1 шт.;;;;700;;https://static.tildacdn.com/tild3835-3830-4863-a363-393131323961/1903_Ramen_rezanica_.jpg;;https://drive.google.com/file/d/1OjpJhbbibu5xfGZvlTooUtsvF6e3d8zr/view?usp=drive_link;1OjpJhbbibu5xfGZvlTooUtsvF6e3d8zr;;19;3;soups;0;0;;;;;;;;;;;
1904;1;19. Супы🍲;;;Сяке тядзуки;;шт.;600 гр.;1 шт.;;;;700;;https://static.tildacdn.com/tild6539-3131-4532-b830-663134616232/1904_Syake_tadzuki_p.jpg;;https://drive.google.com/file/d/1AYZ7A6-IjwzodM3K6fNBsNbrZXB9k8Jw/view?usp=drive_link;1AYZ7A6-IjwzodM3K6fNBsNbrZXB9k8Jw;;19;4;soups;0;0;;;;;;;;;;;
1905;1;19. Супы🍲;;;Суимоно;;шт.;500 гр.;1 шт.;;;;400;;https://static.tildacdn.com/tild3964-6266-4538-a566-313633313532/1905_Suimono_riblja_.jpg;;https://drive.google.com/file/d/1sT33Q3SVISQJcjP66rENf5SiRFw7uIna/view?usp=drive_link;1sT33Q3SVISQJcjP66rENf5SiRFw7uIna;;19;5;soups;0;0;;;;;;;;;;;
1906;1;19. Супы🍲;;;Сяке мисо широ;;шт.;500 гр.;1 шт.;;;;500;;https://static.tildacdn.com/tild3764-6262-4366-b132-333632376161/1906_Syake_miso_shir.jpg;;https://drive.google.com/file/d/1mZR9t1lFQJrlwcQFR11xBtR0nMecUo4U/view?usp=drive_link;1mZR9t1lFQJrlwcQFR11xBtR0nMecUo4U;;19;6;soups;0;0;;;;;;;;;;;
2001;1;20. Доп;;;соевый соус;;шт.;20 гр.;1 сет.;;;;30;;;;;;;20;1;extra;1;0;;;;;;;;;;;
2002;1;20. Доп;;;имбирь;;шт.;20 гр.;1 сет.;;;;30;;;;;;;20;2;extra;1;0;;;;;;;;;;;
2003;1;20. Доп;;;васаби;;шт.;20 гр.;1 сет.;;;;30;;;;;;;20;3;extra;1;1;;;;;;;;;;;
